Test_Index,True_Label,Predicted_Label,25th_Best_Similarity,Correct
1,anomalous,anomalous,0.0774871,1
2,anomalous,anomalous,0.081416875,1
3,anomalous,anomalous,0.0810798,1
4,anomalous,anomalous,0.080204606,1
5,anomalous,anomalous,0.06364243,1
6,anomalous,anomalous,0.0735375,1
7,anomalous,anomalous,0.07917422,1
8,anomalous,anomalous,0.0824047,1
9,anomalous,anomalous,0.0803923,1
10,anomalous,anomalous,0.066968575,1
11,anomalous,anomalous,0.07267414,1
12,anomalous,anomalous,0.0704118,1
13,anomalous,anomalous,0.071359076,1
14,anomalous,anomalous,0.084722765,1
15,anomalous,anomalous,0.063958354,1
16,anomalous,anomalous,0.07596891,1
17,anomalous,anomalous,0.077263966,1
18,anomalous,anomalous,0.08583273,1
19,anomalous,anomalous,0.072211504,1
20,anomalous,anomalous,0.08417282,1
21,anomalous,anomalous,0.06326866,1
22,anomalous,anomalous,0.06950568,1
23,anomalous,anomalous,0.064051345,1
24,anomalous,anomalous,0.06218815,1
25,anomalous,anomalous,0.0720713,1
26,anomalous,anomalous,0.06718717,1
27,anomalous,anomalous,0.06745645,1
28,anomalous,anomalous,0.06355308,1
29,anomalous,anomalous,0.07017426,1
30,anomalous,anomalous,0.06775384,1
31,anomalous,anomalous,0.06889355,1
32,anomalous,anomalous,0.061023027,1
33,anomalous,anomalous,0.07702212,1
34,anomalous,anomalous,0.07122674,1
35,anomalous,anomalous,0.06004636,1
36,anomalous,anomalous,0.075921185,1
37,anomalous,anomalous,0.060796544,1
38,anomalous,anomalous,0.06756819,1
39,anomalous,anomalous,0.061772525,1
40,anomalous,anomalous,0.05738493,1
41,anomalous,anomalous,0.059809983,1
42,anomalous,anomalous,0.069588766,1
43,anomalous,anomalous,0.07240537,1
44,anomalous,anomalous,0.06643028,1
45,anomalous,anomalous,0.060036063,1
46,anomalous,anomalous,0.06309885,1
47,anomalous,anomalous,0.06952199,1
48,anomalous,anomalous,0.075192794,1
49,anomalous,anomalous,0.06482032,1
50,anomalous,anomalous,0.08021599,1
51,anomalous,anomalous,0.07137571,1
52,anomalous,anomalous,0.06646557,1
53,anomalous,anomalous,0.064567946,1
54,anomalous,anomalous,0.070649035,1
55,anomalous,anomalous,0.0597172,1
56,anomalous,anomalous,0.08421041,1
57,anomalous,anomalous,0.07358657,1
58,anomalous,anomalous,0.06948974,1
59,anomalous,anomalous,0.06695836,1
60,anomalous,anomalous,0.091372564,1
61,anomalous,anomalous,0.071270734,1
62,anomalous,anomalous,0.06498249,1
63,anomalous,anomalous,0.06623486,1
64,good,anomalous,0.057861403,0
65,good,anomalous,0.06303776,0
66,good,anomalous,0.06293923,0
67,good,anomalous,0.06828455,0
68,good,anomalous,0.059196755,0
69,good,anomalous,0.062446006,0
70,good,anomalous,0.062491015,0
71,good,anomalous,0.06396499,0
72,good,anomalous,0.058026657,0
73,good,anomalous,0.0603232,0
74,good,anomalous,0.061336264,0
75,good,anomalous,0.05979368,0
76,good,anomalous,0.06265987,0
77,good,anomalous,0.062068865,0
78,good,anomalous,0.061786056,0
79,good,anomalous,0.0653172,0
80,good,anomalous,0.06618423,0
81,good,anomalous,0.06150557,0
82,good,anomalous,0.069102354,0
83,good,anomalous,0.058183417,0
84,anomalous,anomalous,0.044479012,1
85,anomalous,anomalous,0.058448777,1
86,anomalous,anomalous,0.031900696,1
87,anomalous,anomalous,0.037452944,1
88,anomalous,anomalous,0.04713735,1
89,anomalous,anomalous,0.043773007,1
90,anomalous,anomalous,0.057580236,1
91,anomalous,anomalous,0.04051701,1
92,anomalous,anomalous,0.0501509,1
93,anomalous,anomalous,0.04782593,1
94,anomalous,anomalous,0.04427471,1
95,anomalous,anomalous,0.056676537,1
96,anomalous,anomalous,0.048156712,1
97,anomalous,anomalous,0.04347436,1
98,anomalous,anomalous,0.041074347,1
99,anomalous,anomalous,0.046986256,1
100,anomalous,anomalous,0.04245667,1
101,anomalous,anomalous,0.050446965,1
102,anomalous,anomalous,0.042385213,1
103,anomalous,anomalous,0.046758145,1
104,anomalous,anomalous,0.058501825,1
105,anomalous,anomalous,0.045020048,1
106,anomalous,anomalous,0.051103767,1
107,anomalous,anomalous,0.044056337,1
108,anomalous,anomalous,0.05653365,1
109,anomalous,anomalous,0.02781723,1
110,anomalous,anomalous,0.0539219,1
111,anomalous,anomalous,0.05290207,1
112,anomalous,anomalous,0.047419872,1
113,anomalous,anomalous,0.050056215,1
114,anomalous,anomalous,0.04422243,1
115,anomalous,anomalous,0.04734256,1
116,anomalous,anomalous,0.036887545,1
117,anomalous,anomalous,0.031127967,1
118,anomalous,anomalous,0.04062696,1
119,anomalous,anomalous,0.056975976,1
120,anomalous,anomalous,0.048435714,1
121,anomalous,anomalous,0.06363393,1
122,anomalous,anomalous,0.05194167,1
123,anomalous,anomalous,0.045545794,1
124,anomalous,anomalous,0.06342256,1
125,anomalous,anomalous,0.049193494,1
126,anomalous,anomalous,0.05047656,1
127,anomalous,anomalous,0.039074004,1
128,anomalous,anomalous,0.04114955,1
129,anomalous,anomalous,0.021883141,1
130,anomalous,anomalous,0.04924839,1
131,anomalous,anomalous,0.034518555,1
132,anomalous,anomalous,0.053217858,1
133,anomalous,anomalous,0.044581182,1
134,anomalous,anomalous,0.047304783,1
135,anomalous,anomalous,0.05544254,1
136,anomalous,anomalous,0.049144134,1
137,anomalous,anomalous,0.046034433,1
138,anomalous,anomalous,0.042515773,1
139,anomalous,anomalous,0.039777707,1
140,anomalous,anomalous,0.035133902,1
141,anomalous,anomalous,0.05291181,1
142,anomalous,anomalous,0.04972243,1
143,anomalous,anomalous,0.047938358,1
144,good,anomalous,0.032119814,0
145,good,anomalous,0.049817536,0
146,good,anomalous,0.04750846,0
147,good,anomalous,0.038071487,0
148,good,anomalous,0.048785906,0
149,good,anomalous,0.052614775,0
150,good,anomalous,0.03671054,0
151,good,anomalous,0.048189536,0
152,good,anomalous,0.053388424,0
153,good,anomalous,0.04026647,0
154,good,anomalous,0.053521525,0
155,good,anomalous,0.03688662,0
156,good,anomalous,0.05501222,0
157,good,anomalous,0.043066725,0
158,good,anomalous,0.02474071,0
159,good,anomalous,0.039688252,0
160,good,anomalous,0.033435278,0
161,good,anomalous,0.0324353,0
162,good,anomalous,0.031291563,0
163,good,anomalous,0.045298807,0
164,good,anomalous,0.041995846,0
165,good,anomalous,0.05191227,0
166,good,anomalous,0.035487168,0
167,good,anomalous,0.034881704,0
168,good,anomalous,0.027849533,0
169,good,anomalous,0.027175192,0
170,good,anomalous,0.04042258,0
171,good,anomalous,0.027282838,0
172,good,anomalous,0.047105238,0
173,good,anomalous,0.028093208,0
174,good,anomalous,0.04837444,0
175,good,anomalous,0.035865452,0
176,good,anomalous,0.031660926,0
177,good,anomalous,0.05202877,0
178,good,anomalous,0.039950345,0
179,good,anomalous,0.044515066,0
180,good,anomalous,0.04141709,0
181,good,anomalous,0.040624548,0
182,good,anomalous,0.035907835,0
183,good,anomalous,0.032961927,0
184,good,anomalous,0.044239454,0
185,good,anomalous,0.049167626,0
186,good,anomalous,0.041991442,0
187,good,anomalous,0.04329314,0
188,good,anomalous,0.03119956,0
189,good,anomalous,0.04131382,0
190,good,anomalous,0.045963183,0
191,good,anomalous,0.04903871,0
192,good,anomalous,0.040663548,0
193,good,anomalous,0.056265008,0
194,good,anomalous,0.047317863,0
195,good,anomalous,0.058427338,0
196,good,anomalous,0.05000809,0
197,good,anomalous,0.048013914,0
198,good,anomalous,0.037768833,0
199,good,anomalous,0.05007287,0
200,good,anomalous,0.050689712,0
201,good,anomalous,0.05332698,0
202,anomalous,anomalous,0.06595199,1
203,anomalous,anomalous,0.060523055,1
204,anomalous,anomalous,0.04600249,1
205,anomalous,anomalous,0.07816653,1
206,anomalous,anomalous,0.067622274,1
207,anomalous,anomalous,0.057435818,1
208,anomalous,anomalous,0.05216114,1
209,anomalous,anomalous,0.048426248,1
210,anomalous,anomalous,0.0767011,1
211,anomalous,anomalous,0.06759505,1
212,anomalous,anomalous,0.048791524,1
213,anomalous,anomalous,0.054763593,1
214,anomalous,anomalous,0.037375167,1
215,anomalous,anomalous,0.031128127,1
216,anomalous,anomalous,0.036405817,1
217,anomalous,anomalous,0.027681015,1
218,anomalous,anomalous,0.046838302,1
219,anomalous,anomalous,0.041752603,1
220,anomalous,anomalous,0.04688511,1
221,anomalous,anomalous,0.045770586,1
222,anomalous,anomalous,0.051467683,1
223,anomalous,anomalous,0.043719262,1
224,anomalous,anomalous,0.052834596,1
225,anomalous,anomalous,0.047284514,1
226,anomalous,anomalous,0.04440517,1
227,anomalous,anomalous,0.036425747,1
228,anomalous,anomalous,0.04066998,1
229,anomalous,anomalous,0.032420054,1
230,anomalous,anomalous,0.031594824,1
231,anomalous,anomalous,0.063578196,1
232,anomalous,anomalous,0.03653502,1
233,anomalous,anomalous,0.04916011,1
234,anomalous,anomalous,0.0571295,1
235,anomalous,anomalous,0.08832086,1
236,anomalous,anomalous,0.06421675,1
237,anomalous,anomalous,0.071429044,1
238,anomalous,anomalous,0.06107617,1
239,anomalous,anomalous,0.060205296,1
240,anomalous,anomalous,0.0492608,1
241,anomalous,anomalous,0.0643158,1
242,anomalous,anomalous,0.0533851,1
243,anomalous,anomalous,0.050050776,1
244,anomalous,anomalous,0.05993449,1
245,anomalous,anomalous,0.053385317,1
246,anomalous,anomalous,0.062935814,1
247,anomalous,anomalous,0.05607727,1
248,anomalous,anomalous,0.06100235,1
249,anomalous,anomalous,0.0671493,1
250,anomalous,anomalous,0.05380975,1
251,anomalous,anomalous,0.053685807,1
252,anomalous,anomalous,0.058311664,1
253,anomalous,anomalous,0.051677644,1
254,anomalous,anomalous,0.06613161,1
255,anomalous,anomalous,0.05961684,1
256,anomalous,anomalous,0.056602135,1
257,anomalous,anomalous,0.06178449,1
258,anomalous,anomalous,0.048739254,1
259,anomalous,anomalous,0.056948844,1
260,anomalous,anomalous,0.052678153,1
261,anomalous,anomalous,0.05661241,1
262,anomalous,anomalous,0.054093346,1
263,anomalous,anomalous,0.038083985,1
264,anomalous,anomalous,0.0552309,1
265,anomalous,anomalous,0.05197506,1
266,anomalous,anomalous,0.057505965,1
267,anomalous,anomalous,0.04807077,1
268,anomalous,anomalous,0.05307624,1
269,anomalous,anomalous,0.052229524,1
270,anomalous,anomalous,0.06678279,1
271,anomalous,anomalous,0.06007486,1
272,anomalous,anomalous,0.04938764,1
273,anomalous,anomalous,0.06787774,1
274,anomalous,anomalous,0.051744007,1
275,anomalous,anomalous,0.05150917,1
276,anomalous,anomalous,0.056496914,1
277,anomalous,anomalous,0.048905145,1
278,anomalous,anomalous,0.05231352,1
279,good,anomalous,0.05615005,0
280,good,anomalous,0.060896162,0
281,good,anomalous,0.047197126,0
282,good,anomalous,0.050103825,0
283,good,anomalous,0.05879138,0
284,good,anomalous,0.058131963,0
285,good,anomalous,0.046073005,0
286,good,anomalous,0.040022768,0
287,good,anomalous,0.066136,0
288,good,anomalous,0.060984336,0
289,good,anomalous,0.06038897,0
290,good,anomalous,0.054575905,0
291,good,anomalous,0.060282756,0
292,good,anomalous,0.061697066,0
293,good,anomalous,0.048438776,0
294,good,anomalous,0.06718843,0
295,good,anomalous,0.06328292,0
296,good,anomalous,0.054033868,0
297,good,anomalous,0.061984483,0
298,good,anomalous,0.054735355,0
299,good,anomalous,0.047072094,0
300,good,anomalous,0.052009545,0
301,good,anomalous,0.045183316,0
302,anomalous,anomalous,0.056855544,1
303,anomalous,anomalous,0.06380283,1
304,anomalous,anomalous,0.060712248,1
305,anomalous,anomalous,0.06379961,1
306,anomalous,anomalous,0.054071587,1
307,anomalous,anomalous,0.05648995,1
308,anomalous,anomalous,0.05659701,1
309,anomalous,anomalous,0.057311524,1
310,anomalous,anomalous,0.05033521,1
311,anomalous,anomalous,0.06254688,1
312,anomalous,anomalous,0.06412618,1
313,anomalous,anomalous,0.057318866,1
314,anomalous,anomalous,0.06799059,1
315,anomalous,anomalous,0.07130592,1
316,anomalous,anomalous,0.06634557,1
317,anomalous,anomalous,0.05664272,1
318,anomalous,anomalous,0.06240688,1
319,anomalous,anomalous,0.053690884,1
320,anomalous,anomalous,0.056502562,1
321,anomalous,anomalous,0.05868791,1
322,anomalous,anomalous,0.061281595,1
323,anomalous,anomalous,0.055809222,1
324,anomalous,anomalous,0.05678256,1
325,anomalous,anomalous,0.047094084,1
326,anomalous,anomalous,0.058351565,1
327,anomalous,anomalous,0.045236066,1
328,anomalous,anomalous,0.053826094,1
329,anomalous,anomalous,0.048587225,1
330,anomalous,anomalous,0.050991606,1
331,anomalous,anomalous,0.06119562,1
332,anomalous,anomalous,0.04653845,1
333,anomalous,anomalous,0.055350304,1
334,anomalous,anomalous,0.048967924,1
335,anomalous,anomalous,0.05458115,1
336,anomalous,anomalous,0.05259099,1
337,anomalous,anomalous,0.06461712,1
338,anomalous,anomalous,0.050208464,1
339,anomalous,anomalous,0.04749358,1
340,anomalous,anomalous,0.05805096,1
341,anomalous,anomalous,0.05522923,1
342,anomalous,anomalous,0.05722535,1
343,anomalous,anomalous,0.059547104,1
344,anomalous,anomalous,0.050011102,1
345,anomalous,anomalous,0.050426885,1
346,anomalous,anomalous,0.072774924,1
347,anomalous,anomalous,0.07338554,1
348,anomalous,anomalous,0.06665051,1
349,anomalous,anomalous,0.05736506,1
350,anomalous,anomalous,0.057860557,1
351,anomalous,anomalous,0.060511455,1
352,anomalous,anomalous,0.08010981,1
353,anomalous,anomalous,0.0768936,1
354,anomalous,anomalous,0.07617096,1
355,anomalous,anomalous,0.063424796,1
356,anomalous,anomalous,0.069154955,1
357,anomalous,anomalous,0.07719013,1
358,anomalous,anomalous,0.07199766,1
359,anomalous,anomalous,0.060758278,1
360,anomalous,anomalous,0.06284095,1
361,anomalous,anomalous,0.08327681,1
362,anomalous,anomalous,0.06874232,1
363,anomalous,anomalous,0.067112684,1
364,anomalous,anomalous,0.062046364,1
365,anomalous,anomalous,0.055190124,1
366,anomalous,anomalous,0.0039670393,1
367,anomalous,anomalous,-0.0051021017,1
368,anomalous,anomalous,-0.018713374,1
369,anomalous,anomalous,-0.012845542,1
370,anomalous,anomalous,-0.008782553,1
371,anomalous,anomalous,-0.006898856,1
372,anomalous,anomalous,-0.011579277,1
373,anomalous,anomalous,-0.018152121,1
374,anomalous,anomalous,-0.016489452,1
375,anomalous,anomalous,-0.009613128,1
376,anomalous,anomalous,-0.008636414,1
377,anomalous,anomalous,-0.016110215,1
378,anomalous,anomalous,-0.02251786,1
379,anomalous,anomalous,-0.008107731,1
380,anomalous,anomalous,-0.025865672,1
381,anomalous,anomalous,-0.015761998,1
382,anomalous,anomalous,-0.01471119,1
383,anomalous,anomalous,-0.016644508,1
384,anomalous,anomalous,-0.009170836,1
385,anomalous,anomalous,-0.009160696,1
386,anomalous,anomalous,-0.018847499,1
387,anomalous,anomalous,0.0037769154,1
388,anomalous,anomalous,0.0015245453,1
389,anomalous,anomalous,-0.0039883386,1
390,anomalous,anomalous,-0.019943304,1
391,anomalous,anomalous,-0.006242072,1
392,anomalous,anomalous,-0.014466874,1
393,anomalous,anomalous,-0.015413914,1
394,anomalous,anomalous,-0.009882141,1
395,anomalous,anomalous,-0.016894251,1
396,anomalous,anomalous,-0.00950294,1
397,anomalous,anomalous,-0.0009858552,1
398,anomalous,anomalous,0.009071937,1
399,anomalous,anomalous,-0.011220111,1
400,anomalous,anomalous,0.0079225805,1
401,anomalous,anomalous,-0.019468427,1
402,good,anomalous,-0.01944745,0
403,good,anomalous,-0.015858367,0
404,good,anomalous,-0.020213008,0
405,good,anomalous,-0.028009752,0
406,good,anomalous,-0.025304973,0
407,good,anomalous,-0.02180982,0
408,good,anomalous,-0.023279242,0
409,good,anomalous,-0.027111541,0
410,good,anomalous,-0.028138699,0
411,good,anomalous,-0.025851768,0
412,good,anomalous,-0.01528706,0
413,good,anomalous,-0.018866807,0
414,good,anomalous,-0.030404735,0
415,good,anomalous,-0.02580617,0
416,good,anomalous,-0.014249235,0
417,good,anomalous,-0.025961611,0
418,good,anomalous,-0.02957473,0
419,good,anomalous,-0.017074721,0
420,good,anomalous,-0.014146954,0
421,good,anomalous,-0.019776464,0
422,good,anomalous,-0.019931175,0
423,good,anomalous,-0.014712259,0
424,good,anomalous,-0.01349749,0
425,good,anomalous,-0.011070207,0
426,good,anomalous,-0.025333773,0
427,good,anomalous,-0.015594535,0
428,good,anomalous,-0.022574848,0
429,good,anomalous,-0.02333247,0
430,anomalous,anomalous,-0.02262938,1
431,anomalous,anomalous,-0.0083995685,1
432,anomalous,anomalous,0.013749344,1
433,anomalous,anomalous,0.017612725,1
434,anomalous,anomalous,-0.01099693,1
435,anomalous,anomalous,0.00045091473,1
436,anomalous,anomalous,0.015361473,1
437,anomalous,anomalous,-0.010182757,1
438,anomalous,anomalous,-0.013991594,1
439,anomalous,anomalous,-0.011547228,1
440,anomalous,anomalous,-0.017747715,1
441,anomalous,anomalous,0.00092766806,1
442,anomalous,anomalous,-0.004314459,1
443,anomalous,anomalous,-0.015624674,1
444,anomalous,anomalous,-0.0020274445,1
445,anomalous,anomalous,-0.00505873,1
446,anomalous,anomalous,-0.008837955,1
447,anomalous,anomalous,-0.025899004,1
448,anomalous,anomalous,-0.018760689,1
449,anomalous,anomalous,-0.01097855,1
450,anomalous,anomalous,-0.011991596,1
451,anomalous,anomalous,-0.019866504,1
452,anomalous,anomalous,-0.011096191,1
453,anomalous,anomalous,-0.008725785,1
454,anomalous,anomalous,-0.0154578,1
455,anomalous,anomalous,-0.012936028,1
456,anomalous,anomalous,-0.012934232,1
457,anomalous,anomalous,-0.017474197,1
458,anomalous,anomalous,-0.013994686,1
459,anomalous,anomalous,-0.0057173334,1
460,anomalous,anomalous,-0.0169231,1
461,anomalous,anomalous,-0.008579403,1
462,anomalous,anomalous,-0.007862358,1
463,anomalous,anomalous,-0.013474695,1
464,anomalous,anomalous,-0.015634572,1
465,anomalous,anomalous,-0.0065865023,1
466,anomalous,anomalous,0.0002809912,1
467,anomalous,anomalous,-0.016790478,1
468,anomalous,anomalous,-0.008098397,1
469,anomalous,anomalous,-0.012522977,1
470,anomalous,anomalous,-0.0053386576,1
471,anomalous,anomalous,-0.018798824,1
472,anomalous,anomalous,-0.015161017,1
473,anomalous,anomalous,-0.02430281,1
474,anomalous,anomalous,-0.023880918,1
475,anomalous,anomalous,-0.021619525,1
476,anomalous,anomalous,-0.03329144,1
477,anomalous,anomalous,-0.013152124,1
478,anomalous,anomalous,-0.010318298,1
479,anomalous,anomalous,0.0064014792,1
480,anomalous,anomalous,0.004485864,1
481,anomalous,anomalous,-0.009246413,1
482,anomalous,anomalous,-0.005649034,1
483,anomalous,anomalous,0.008080371,1
484,anomalous,anomalous,0.011936059,1
485,anomalous,anomalous,-0.0048459917,1
486,anomalous,anomalous,-0.013050286,1
487,anomalous,anomalous,-0.018148672,1
488,anomalous,anomalous,-0.0035527237,1
489,anomalous,anomalous,-0.006702125,1
490,anomalous,anomalous,0.00020077359,1
491,anomalous,anomalous,0.009807369,1
492,anomalous,anomalous,0.0053313933,1
493,anomalous,anomalous,-0.0061259135,1
494,anomalous,anomalous,-0.004007673,1
495,anomalous,anomalous,0.011647567,1
496,anomalous,anomalous,0.0026997672,1
497,anomalous,anomalous,0.0137176365,1
498,anomalous,anomalous,-0.005132254,1
499,anomalous,anomalous,-0.01864269,1
500,anomalous,anomalous,-0.014669472,1
501,anomalous,anomalous,0.014751628,1
502,anomalous,anomalous,0.013952903,1
503,anomalous,anomalous,-0.022386555,1
504,anomalous,anomalous,-0.01629623,1
505,anomalous,anomalous,0.008183682,1
506,anomalous,anomalous,0.004944524,1
507,anomalous,anomalous,0.014788825,1
508,anomalous,anomalous,0.0012206752,1
509,anomalous,anomalous,-0.0011503063,1
510,anomalous,anomalous,-0.0023592897,1
511,anomalous,anomalous,-0.011384789,1
512,anomalous,anomalous,-0.007292811,1
513,anomalous,anomalous,-0.021287631,1
514,anomalous,anomalous,0.0075338706,1
515,anomalous,anomalous,-0.0042620804,1
516,anomalous,anomalous,-0.020955406,1
517,anomalous,anomalous,0.0042253174,1
518,good,anomalous,-0.023956515,0
519,good,anomalous,-0.025387388,0
520,good,anomalous,0.0025153887,0
521,good,anomalous,-0.016269833,0
522,good,anomalous,-0.0053346604,0
523,good,anomalous,-0.01525123,0
524,good,anomalous,-0.014261385,0
525,good,anomalous,-0.0051568,0
526,good,anomalous,-0.0012068972,0
527,good,anomalous,0.0064821914,0
528,good,anomalous,-0.0074932426,0
529,good,anomalous,-0.012844585,0
530,good,anomalous,-0.0023045912,0
531,good,anomalous,-0.024314377,0
532,good,anomalous,0.0019863732,0
533,good,anomalous,-0.011596996,0
534,good,anomalous,0.0059840214,0
535,good,anomalous,-0.01279168,0
536,good,anomalous,-0.011671664,0
537,good,anomalous,0.01710888,0
538,good,anomalous,-0.027989537,0
539,anomalous,anomalous,0.0034974106,1
540,anomalous,anomalous,0.018382119,1
541,anomalous,anomalous,-0.0022972487,1
542,anomalous,anomalous,-0.005604729,1
543,anomalous,anomalous,0.011919219,1
544,anomalous,anomalous,-5.0768256e-05,1
545,anomalous,anomalous,0.0069477223,1
546,anomalous,anomalous,0.0053022914,1
547,anomalous,anomalous,0.006566828,1
548,anomalous,anomalous,0.016673893,1
549,anomalous,anomalous,0.007090847,1
550,anomalous,anomalous,0.016068792,1
551,anomalous,anomalous,0.009794951,1
552,anomalous,anomalous,0.0030112676,1
553,anomalous,anomalous,-0.0015679114,1
554,anomalous,anomalous,0.014877621,1
555,anomalous,anomalous,0.024838246,1
556,anomalous,anomalous,0.0072833896,1
557,anomalous,anomalous,-0.015000794,1
558,anomalous,anomalous,0.01937564,1
559,anomalous,anomalous,0.0020738859,1
560,anomalous,anomalous,0.009090209,1
561,anomalous,anomalous,0.08549896,1
562,anomalous,anomalous,0.085481785,1
563,anomalous,anomalous,0.06279002,1
564,anomalous,anomalous,0.09096698,1
565,anomalous,anomalous,0.069239914,1
566,anomalous,anomalous,0.04237495,1
567,anomalous,anomalous,0.086660914,1
568,anomalous,anomalous,0.090892255,1
569,anomalous,anomalous,0.09936274,1
570,anomalous,anomalous,0.090036064,1
571,anomalous,anomalous,0.07049139,1
572,anomalous,anomalous,0.096798375,1
573,anomalous,anomalous,0.08479793,1
574,anomalous,anomalous,0.088346615,1
575,anomalous,anomalous,0.09089433,1
576,anomalous,anomalous,0.088041574,1
577,anomalous,anomalous,0.08452139,1
578,anomalous,anomalous,0.100438654,1
579,anomalous,anomalous,0.0953124,1
580,anomalous,anomalous,0.06329547,1
581,anomalous,anomalous,0.08059359,1
582,anomalous,anomalous,0.07287134,1
583,anomalous,anomalous,0.091409996,1
584,anomalous,anomalous,0.091201246,1
585,anomalous,anomalous,0.06626162,1
586,anomalous,anomalous,0.086149156,1
587,anomalous,anomalous,0.097990416,1
588,anomalous,anomalous,0.081533,1
589,anomalous,anomalous,0.075604975,1
590,anomalous,anomalous,0.06442807,1
591,anomalous,anomalous,0.09332122,1
592,anomalous,anomalous,0.106229745,1
593,anomalous,anomalous,0.08409335,1
594,anomalous,anomalous,0.09585867,1
595,anomalous,anomalous,0.09595387,1
596,good,anomalous,0.09731822,0
597,good,anomalous,0.10928999,0
598,good,anomalous,0.10811837,0
599,good,anomalous,0.094268605,0
600,good,anomalous,0.09722731,0
601,good,anomalous,0.09711401,0
602,good,anomalous,0.073645905,0
603,good,anomalous,0.089730404,0
604,good,anomalous,0.08993165,0
605,good,anomalous,0.08541421,0
606,good,anomalous,0.089831255,0
607,good,anomalous,0.09262015,0
608,good,anomalous,0.09613624,0
609,good,anomalous,0.105584964,0
610,good,anomalous,0.08428495,0
611,good,anomalous,0.083443895,0
612,good,anomalous,0.0881367,0
613,good,anomalous,0.05939882,0
614,good,anomalous,0.08543575,0
615,good,anomalous,0.08947939,0
616,good,anomalous,0.07529017,0
617,good,anomalous,0.090255715,0
618,good,anomalous,0.060018588,0
619,good,anomalous,0.09290634,0
620,good,anomalous,0.09954367,0
621,good,anomalous,0.09376398,0
622,good,anomalous,0.06905462,0
623,good,anomalous,0.06842721,0
624,good,anomalous,0.043167904,0
625,good,anomalous,0.073059544,0
626,good,anomalous,0.08726413,0
627,good,anomalous,0.06405783,0
628,good,anomalous,0.082044795,0
629,good,anomalous,0.07207481,0
630,good,anomalous,0.09266292,0
631,good,anomalous,0.07400419,0
632,good,anomalous,0.09451665,0
633,good,anomalous,0.07896657,0
634,good,anomalous,0.090898946,0
635,good,anomalous,0.07931881,0
636,anomalous,anomalous,0.07070549,1
637,anomalous,anomalous,0.066377215,1
638,anomalous,anomalous,0.08015321,1
639,anomalous,anomalous,0.087797776,1
640,anomalous,anomalous,0.09049319,1
641,anomalous,anomalous,0.086698875,1
642,anomalous,anomalous,0.07801892,1
643,anomalous,anomalous,0.086088866,1
644,anomalous,anomalous,0.09367624,1
645,anomalous,anomalous,0.06591916,1
646,anomalous,anomalous,0.08657375,1
647,anomalous,anomalous,0.07385197,1
648,anomalous,anomalous,0.08992335,1
649,anomalous,anomalous,0.09313343,1
650,anomalous,anomalous,0.08362684,1
651,anomalous,anomalous,0.07643559,1
652,anomalous,anomalous,0.09323646,1
653,anomalous,anomalous,0.103495635,1
654,anomalous,anomalous,0.081401974,1
655,anomalous,anomalous,0.1079574,1
656,anomalous,anomalous,0.096488245,1
657,anomalous,anomalous,0.08756822,1
658,anomalous,anomalous,0.08162059,1
659,anomalous,anomalous,0.08902815,1
660,anomalous,anomalous,0.10105863,1
661,anomalous,anomalous,0.08961369,1
662,anomalous,anomalous,0.088856965,1
663,anomalous,anomalous,0.10111199,1
664,anomalous,anomalous,0.10330772,1
665,anomalous,anomalous,0.08290993,1
666,anomalous,anomalous,0.07437379,1
667,anomalous,anomalous,0.08467457,1
668,anomalous,anomalous,0.09198874,1
669,anomalous,anomalous,0.089700185,1
670,anomalous,anomalous,0.067827195,1
671,anomalous,anomalous,-0.02513518,1
672,anomalous,anomalous,-0.038730137,1
673,anomalous,anomalous,-0.03555038,1
674,anomalous,anomalous,-0.034114063,1
675,anomalous,anomalous,-0.030934729,1
676,anomalous,anomalous,-0.03310092,1
677,anomalous,anomalous,-0.0277667,1
678,anomalous,anomalous,-0.029473104,1
679,anomalous,anomalous,-0.026723724,1
680,anomalous,anomalous,-0.03357338,1
681,anomalous,anomalous,-0.030963311,1
682,anomalous,anomalous,-0.038217235,1
683,anomalous,anomalous,-0.021797149,1
684,anomalous,anomalous,-0.030556425,1
685,anomalous,anomalous,-0.024722384,1
686,anomalous,anomalous,-0.029135188,1
687,anomalous,anomalous,-0.040367976,1
688,anomalous,anomalous,-0.035384454,1
689,anomalous,anomalous,-0.027729135,1
690,anomalous,anomalous,-0.031506866,1
691,anomalous,anomalous,-0.028943574,1
692,anomalous,anomalous,-0.01815552,1
693,anomalous,anomalous,-0.018148705,1
694,anomalous,anomalous,-0.028086811,1
695,anomalous,anomalous,-0.017333983,1
696,anomalous,anomalous,-0.023681091,1
697,anomalous,anomalous,-0.04120708,1
698,anomalous,anomalous,-0.033828184,1
699,anomalous,anomalous,-0.022064926,1
700,anomalous,anomalous,-0.030987462,1
701,anomalous,anomalous,-0.030717958,1
702,anomalous,anomalous,-0.0033295657,1
703,anomalous,anomalous,-0.047126308,1
704,anomalous,anomalous,-0.013123583,1
705,anomalous,anomalous,-0.014055284,1
706,anomalous,anomalous,-0.0333153,1
707,anomalous,anomalous,-0.018956397,1
708,anomalous,anomalous,-0.04382044,1
709,anomalous,anomalous,-0.029916177,1
710,anomalous,anomalous,-0.026183609,1
711,anomalous,anomalous,-0.030195713,1
712,anomalous,anomalous,-0.029641923,1
713,anomalous,anomalous,-0.049187407,1
714,anomalous,anomalous,-0.04326277,1
715,anomalous,anomalous,-0.02548613,1
716,anomalous,anomalous,-0.017433845,1
717,anomalous,anomalous,-0.026648406,1
718,anomalous,anomalous,-0.04188113,1
719,anomalous,anomalous,-0.045122743,1
720,anomalous,anomalous,-0.043693464,1
721,anomalous,anomalous,-0.04201622,1
722,anomalous,anomalous,-0.033308566,1
723,anomalous,anomalous,-0.033090748,1
724,anomalous,anomalous,-0.0455816,1
725,anomalous,anomalous,-0.043114908,1
726,anomalous,anomalous,-0.025194295,1
727,anomalous,anomalous,-0.023202054,1
728,anomalous,anomalous,-0.03865764,1
729,anomalous,anomalous,-0.020839296,1
730,anomalous,anomalous,-0.033502758,1
731,anomalous,anomalous,-0.03948255,1
732,anomalous,anomalous,-0.04804426,1
733,anomalous,anomalous,-0.020342305,1
734,anomalous,anomalous,-0.019741224,1
735,anomalous,anomalous,-0.025455378,1
736,anomalous,anomalous,-0.02725137,1
737,anomalous,anomalous,-0.012116846,1
738,anomalous,anomalous,-0.021298356,1
739,anomalous,anomalous,-0.037539948,1
740,anomalous,anomalous,-0.031443734,1
741,anomalous,anomalous,-0.031215874,1
742,anomalous,anomalous,-0.02718441,1
743,anomalous,anomalous,-0.0356939,1
744,anomalous,anomalous,-0.024587277,1
745,good,anomalous,-0.03661577,0
746,good,anomalous,-0.034954086,0
747,good,anomalous,-0.029417705,0
748,good,anomalous,-0.033624616,0
749,good,anomalous,-0.03758365,0
750,good,anomalous,-0.0390001,0
751,good,anomalous,-0.031039003,0
752,good,anomalous,-0.02406637,0
753,good,anomalous,-0.03722304,0
754,good,anomalous,-0.03036211,0
755,good,anomalous,-0.03558098,0
756,good,anomalous,-0.030309346,0
757,good,anomalous,-0.03598591,0
758,good,anomalous,-0.03520688,0
759,good,anomalous,-0.035575353,0
760,good,anomalous,-0.037697703,0
761,good,anomalous,-0.03639091,0
762,good,anomalous,-0.031460766,0
763,good,anomalous,-0.037056513,0
764,good,anomalous,-0.034559663,0
765,good,anomalous,-0.02948698,0
766,good,anomalous,-0.037268206,0
767,good,anomalous,-0.032096613,0
768,good,anomalous,-0.029769845,0
769,good,anomalous,-0.034067735,0
770,good,anomalous,-0.029874805,0
771,good,anomalous,-0.033124693,0
772,good,anomalous,-0.022964504,0
773,good,anomalous,-0.03101777,0
774,good,anomalous,-0.028111309,0
775,good,anomalous,-0.030612573,0
776,good,anomalous,-0.030222956,0
777,anomalous,anomalous,-0.01494709,1
778,anomalous,anomalous,-0.017624162,1
779,anomalous,anomalous,-0.026087238,1
780,anomalous,anomalous,-0.00596112,1
781,anomalous,anomalous,-0.033178326,1
782,anomalous,anomalous,-0.020093203,1
783,anomalous,anomalous,-0.020617856,1
784,anomalous,anomalous,-0.010728072,1
785,anomalous,anomalous,-0.0057282466,1
786,anomalous,anomalous,-0.01857598,1
787,anomalous,anomalous,-0.021945968,1
788,anomalous,anomalous,-0.027173094,1
789,anomalous,anomalous,-0.012880458,1
790,anomalous,anomalous,-0.009536073,1
791,anomalous,anomalous,-0.015904512,1
792,anomalous,anomalous,-0.03707761,1
793,anomalous,anomalous,-0.026017968,1
794,anomalous,anomalous,-0.042854346,1
795,anomalous,anomalous,0.08224592,1
796,anomalous,anomalous,0.075809576,1
797,anomalous,anomalous,0.07086623,1
798,anomalous,anomalous,0.07125973,1
799,anomalous,anomalous,0.06751622,1
800,anomalous,anomalous,0.075881295,1
801,anomalous,anomalous,0.06950376,1
802,anomalous,anomalous,0.070927694,1
803,anomalous,anomalous,0.06857929,1
804,anomalous,anomalous,0.06688826,1
805,anomalous,anomalous,0.07842386,1
806,anomalous,anomalous,0.072009586,1
807,anomalous,anomalous,0.07361977,1
808,anomalous,anomalous,0.05590388,1
809,anomalous,anomalous,0.06787015,1
810,anomalous,anomalous,0.07988316,1
811,anomalous,anomalous,0.064333946,1
812,anomalous,anomalous,0.07960561,1
813,anomalous,anomalous,0.08318184,1
814,anomalous,anomalous,0.074972734,1
815,anomalous,anomalous,0.073140904,1
816,anomalous,anomalous,0.06909007,1
817,anomalous,anomalous,0.08309211,1
818,anomalous,anomalous,0.077093884,1
819,anomalous,anomalous,0.07769741,1
820,anomalous,anomalous,0.07643522,1
821,anomalous,anomalous,0.07273876,1
822,anomalous,anomalous,0.079296276,1
823,anomalous,anomalous,0.06608399,1
824,anomalous,anomalous,0.06379308,1
825,anomalous,anomalous,0.0795137,1
826,anomalous,anomalous,0.07016433,1
827,anomalous,anomalous,0.075419,1
828,anomalous,anomalous,0.07724096,1
829,anomalous,anomalous,0.082270645,1
830,anomalous,anomalous,0.074975945,1
831,anomalous,anomalous,0.08071307,1
832,anomalous,anomalous,0.08442788,1
833,anomalous,anomalous,0.08174567,1
834,anomalous,anomalous,0.073138,1
835,anomalous,anomalous,0.076890804,1
836,anomalous,anomalous,0.067905,1
837,anomalous,anomalous,0.07117236,1
838,anomalous,anomalous,0.08067505,1
839,anomalous,anomalous,0.082527205,1
840,anomalous,anomalous,0.086391896,1
841,anomalous,anomalous,0.073379666,1
842,anomalous,anomalous,0.08539851,1
843,anomalous,anomalous,0.0756993,1
844,anomalous,anomalous,0.08260416,1
845,anomalous,anomalous,0.06586159,1
846,anomalous,anomalous,0.08106199,1
847,anomalous,anomalous,0.0813978,1
848,anomalous,anomalous,0.070671126,1
849,anomalous,anomalous,0.08255409,1
850,anomalous,anomalous,0.08116538,1
851,anomalous,anomalous,0.08326987,1
852,anomalous,anomalous,0.08277412,1
853,anomalous,anomalous,0.07827918,1
854,anomalous,anomalous,0.07981111,1
855,anomalous,anomalous,0.07424384,1
856,anomalous,anomalous,0.085246235,1
857,anomalous,anomalous,0.081958815,1
858,anomalous,anomalous,0.07625012,1
859,anomalous,anomalous,0.0844222,1
860,anomalous,anomalous,0.078703605,1
861,anomalous,anomalous,0.08339946,1
862,anomalous,anomalous,0.07526797,1
863,anomalous,anomalous,0.06971869,1
864,anomalous,anomalous,0.08398166,1
865,good,anomalous,0.0638569,0
866,good,anomalous,0.07152186,0
867,good,anomalous,0.06477004,0
868,good,anomalous,0.079347014,0
869,good,anomalous,0.06856353,0
870,good,anomalous,0.07599717,0
871,good,anomalous,0.06580872,0
872,good,anomalous,0.07443158,0
873,good,anomalous,0.06440638,0
874,good,anomalous,0.068151146,0
875,good,anomalous,0.07031804,0
876,good,anomalous,0.06145543,0
877,good,anomalous,0.058192067,0
878,good,anomalous,0.0796852,0
879,good,anomalous,0.056755703,0
880,good,anomalous,0.0830145,0
881,good,anomalous,0.06426923,0
882,good,anomalous,0.069472335,0
883,good,anomalous,0.07172501,0
884,good,anomalous,0.0758667,0
885,good,anomalous,0.073326424,0
886,good,anomalous,0.07716566,0
887,anomalous,anomalous,0.07775676,1
888,anomalous,anomalous,0.09128873,1
889,anomalous,anomalous,0.077167906,1
890,anomalous,anomalous,0.06383856,1
891,anomalous,anomalous,0.08368316,1
892,anomalous,anomalous,0.07177929,1
893,anomalous,anomalous,0.052057013,1
894,anomalous,anomalous,0.06519168,1
895,anomalous,anomalous,0.07160626,1
896,anomalous,anomalous,0.0715816,1
897,anomalous,anomalous,0.07902236,1
898,anomalous,anomalous,0.07399599,1
899,anomalous,anomalous,0.07733836,1
900,anomalous,anomalous,0.07539239,1
901,anomalous,anomalous,0.06085357,1
902,anomalous,anomalous,0.07349163,1
903,anomalous,anomalous,0.072948165,1
904,anomalous,anomalous,0.075412326,1
905,anomalous,anomalous,0.074340366,1
906,anomalous,anomalous,0.081428245,1
907,anomalous,anomalous,0.07923482,1
908,anomalous,anomalous,0.0807005,1
909,anomalous,anomalous,0.07802606,1
910,anomalous,anomalous,0.098891675,1
911,anomalous,anomalous,0.088768974,1
912,anomalous,anomalous,0.089716956,1
913,anomalous,anomalous,0.087818876,1
914,anomalous,anomalous,0.09032323,1
915,anomalous,anomalous,0.10136661,1
916,anomalous,anomalous,0.09838687,1
917,anomalous,anomalous,0.097775176,1
918,anomalous,anomalous,0.10094124,1
919,anomalous,anomalous,0.09246803,1
920,anomalous,anomalous,0.09391002,1
921,anomalous,anomalous,0.09920399,1
922,anomalous,anomalous,0.09750824,1
923,anomalous,anomalous,0.10448067,1
924,anomalous,anomalous,0.106169,1
925,anomalous,anomalous,0.09276619,1
926,anomalous,anomalous,0.106758885,1
927,anomalous,anomalous,0.10685129,1
928,anomalous,anomalous,0.10673974,1
929,anomalous,anomalous,0.10548347,1
930,anomalous,anomalous,0.11053146,1
931,anomalous,anomalous,0.102930576,1
932,anomalous,anomalous,0.101020575,1
933,anomalous,anomalous,0.09581512,1
934,anomalous,anomalous,0.09890781,1
935,anomalous,anomalous,0.090684764,1
936,anomalous,anomalous,0.10500544,1
937,anomalous,anomalous,0.10132769,1
938,anomalous,anomalous,0.09029687,1
939,anomalous,anomalous,0.09094026,1
940,anomalous,anomalous,0.09735194,1
941,anomalous,anomalous,0.08380291,1
942,anomalous,anomalous,0.103239514,1
943,anomalous,anomalous,0.08765895,1
944,anomalous,anomalous,0.09623957,1
945,anomalous,anomalous,0.091772005,1
946,anomalous,anomalous,0.098713085,1
947,anomalous,anomalous,0.076103896,1
948,anomalous,anomalous,0.09877216,1
949,anomalous,anomalous,0.09590717,1
950,anomalous,anomalous,0.09521106,1
951,anomalous,anomalous,0.10471781,1
952,anomalous,anomalous,0.110876694,1
953,anomalous,anomalous,0.0960764,1
954,anomalous,anomalous,0.08431877,1
955,anomalous,anomalous,0.113072455,1
956,anomalous,anomalous,0.10481416,1
957,anomalous,anomalous,0.09075524,1
958,anomalous,anomalous,0.091815114,1
959,anomalous,anomalous,0.108082585,1
960,anomalous,anomalous,0.107764445,1
961,anomalous,anomalous,0.100232646,1
962,anomalous,anomalous,0.10692662,1
963,anomalous,anomalous,0.11017777,1
964,anomalous,anomalous,0.10452362,1
965,anomalous,anomalous,0.09330073,1
966,anomalous,anomalous,0.11177641,1
967,anomalous,anomalous,0.098236986,1
968,anomalous,anomalous,0.11011607,1
969,anomalous,anomalous,0.09987658,1
970,anomalous,anomalous,0.094062075,1
971,anomalous,anomalous,0.10825363,1
972,anomalous,anomalous,0.085049234,1
973,anomalous,anomalous,0.09904148,1
974,anomalous,anomalous,0.09847377,1
975,anomalous,anomalous,0.102423236,1
976,anomalous,anomalous,0.08689526,1
977,anomalous,anomalous,0.09345685,1
978,anomalous,anomalous,0.10421893,1
979,anomalous,anomalous,0.105352834,1
980,anomalous,anomalous,0.10231088,1
981,anomalous,anomalous,0.09070407,1
982,anomalous,anomalous,0.0880819,1
983,anomalous,anomalous,0.10126529,1
984,anomalous,anomalous,0.08954382,1
985,anomalous,anomalous,0.09442661,1
986,anomalous,anomalous,0.102439046,1
987,anomalous,anomalous,0.085732535,1
988,anomalous,anomalous,0.10077037,1
989,anomalous,anomalous,0.08676399,1
990,anomalous,anomalous,0.088851854,1
991,anomalous,anomalous,0.10742119,1
992,anomalous,anomalous,0.099033564,1
993,anomalous,anomalous,0.09372553,1
994,anomalous,anomalous,0.0958399,1
995,anomalous,anomalous,0.11027087,1
996,anomalous,anomalous,0.10067854,1
997,anomalous,anomalous,0.089342795,1
998,anomalous,anomalous,0.10523025,1
999,anomalous,anomalous,0.10443829,1
1000,anomalous,anomalous,0.09520481,1
1001,anomalous,anomalous,0.09143769,1
1002,anomalous,anomalous,0.10529965,1
1003,anomalous,anomalous,0.09546705,1
1004,anomalous,anomalous,0.10021348,1
1005,anomalous,anomalous,0.09728511,1
1006,anomalous,anomalous,0.08917932,1
1007,anomalous,anomalous,0.10420713,1
1008,anomalous,anomalous,0.098672874,1
1009,anomalous,anomalous,0.09982483,1
1010,anomalous,anomalous,0.10506447,1
1011,anomalous,anomalous,0.106597796,1
1012,anomalous,anomalous,0.09028268,1
1013,anomalous,anomalous,0.091327965,1
1014,anomalous,anomalous,0.0942678,1
1015,anomalous,anomalous,0.110500075,1
1016,anomalous,anomalous,0.081906945,1
1017,anomalous,anomalous,0.0931499,1
1018,good,anomalous,0.09782696,0
1019,good,anomalous,0.09197742,0
1020,good,anomalous,0.08668432,0
1021,good,anomalous,0.097022235,0
1022,good,anomalous,0.09255634,0
1023,good,anomalous,0.09623808,0
1024,good,anomalous,0.1013276,0
1025,good,anomalous,0.08688467,0
1026,good,anomalous,0.08755782,0
1027,good,anomalous,0.09164925,0
1028,good,anomalous,0.098279156,0
1029,good,anomalous,0.076432444,0
1030,good,anomalous,0.081141025,0
1031,good,anomalous,0.08609165,0
1032,good,anomalous,0.108070694,0
1033,good,anomalous,0.08739211,0
1034,good,anomalous,0.09329617,0
1035,good,anomalous,0.1044264,0
1036,good,anomalous,0.09691776,0
1037,good,anomalous,0.09504797,0
1038,good,anomalous,0.09546434,0
1039,good,anomalous,0.10040751,0
1040,good,anomalous,0.095950216,0
1041,good,anomalous,0.1057205,0
1042,good,anomalous,0.085954286,0
1043,good,anomalous,0.092488855,0
1044,anomalous,anomalous,0.08671841,1
1045,anomalous,anomalous,0.076415956,1
1046,anomalous,anomalous,0.09944942,1
1047,anomalous,anomalous,0.09919818,1
1048,anomalous,anomalous,0.09891555,1
1049,anomalous,anomalous,0.08433198,1
1050,anomalous,anomalous,0.11394289,1
1051,anomalous,anomalous,0.10094866,1
1052,anomalous,anomalous,0.09966266,1
1053,anomalous,anomalous,0.087529875,1
1054,anomalous,anomalous,0.08251041,1
1055,anomalous,anomalous,0.09808264,1
1056,anomalous,anomalous,0.0991666,1
1057,anomalous,anomalous,0.10763003,1
1058,anomalous,anomalous,0.08516003,1
1059,anomalous,anomalous,0.09521291,1
1060,anomalous,anomalous,0.10097143,1
1061,anomalous,anomalous,0.101330034,1
1062,anomalous,anomalous,0.09691705,1
1063,anomalous,anomalous,0.10378781,1
1064,anomalous,anomalous,0.09829423,1
1065,anomalous,anomalous,0.08684259,1
1066,anomalous,anomalous,0.096415855,1
1067,anomalous,anomalous,0.08884213,1
1068,anomalous,anomalous,0.10064994,1
1069,anomalous,anomalous,0.08882819,1
1070,anomalous,anomalous,0.099800654,1
1071,anomalous,anomalous,0.09019229,1
1072,anomalous,anomalous,0.08668104,1
1073,anomalous,anomalous,0.08045206,1
1074,anomalous,anomalous,0.09033765,1
1075,anomalous,anomalous,0.08318572,1
1076,anomalous,anomalous,0.10047537,1
1077,good,anomalous,0.03583695,0
1078,good,anomalous,0.040528696,0
1079,good,anomalous,0.038963966,0
1080,good,anomalous,0.062063802,0
1081,good,anomalous,0.083951734,0
1082,good,anomalous,0.054649986,0
1083,good,anomalous,0.037017353,0
1084,good,anomalous,0.053934567,0
1085,good,anomalous,0.06997086,0
1086,good,anomalous,0.037947588,0
1087,good,anomalous,0.06899871,0
1088,good,anomalous,0.026450055,0
1089,good,anomalous,0.06513642,0
1090,good,anomalous,0.07017656,0
1091,good,anomalous,0.07435144,0
1092,good,anomalous,0.05571427,0
1093,good,anomalous,0.045163263,0
1094,good,anomalous,0.041063886,0
1095,good,anomalous,0.07050805,0
1096,good,anomalous,0.06256059,0
1097,good,anomalous,0.040632565,0
1098,good,anomalous,0.058679834,0
1099,good,anomalous,0.06563733,0
1100,good,anomalous,0.07449155,0
1101,good,anomalous,0.034490194,0
1102,good,anomalous,0.046461463,0
1103,good,anomalous,0.064972594,0
1104,good,anomalous,0.052675374,0
1105,good,anomalous,0.04451884,0
1106,good,anomalous,0.0626109,0
1107,good,anomalous,0.07207298,0
1108,good,anomalous,0.06386924,0
1109,good,anomalous,0.037133407,0
1110,good,anomalous,0.053120986,0
1111,good,anomalous,0.05303684,0
1112,good,anomalous,0.05962708,0
1113,good,anomalous,0.046381637,0
1114,good,anomalous,0.042142585,0
1115,good,anomalous,0.060355656,0
1116,good,anomalous,0.07089798,0
1117,good,anomalous,0.053650685,0
1118,anomalous,anomalous,0.054947056,1
1119,anomalous,anomalous,0.047733832,1
1120,anomalous,anomalous,0.06397557,1
1121,anomalous,anomalous,0.052990798,1
1122,anomalous,anomalous,0.084073015,1
1123,anomalous,anomalous,0.07464401,1
1124,anomalous,anomalous,0.07539446,1
1125,anomalous,anomalous,0.072959825,1
1126,anomalous,anomalous,0.09048694,1
1127,anomalous,anomalous,0.070434704,1
1128,anomalous,anomalous,0.08168024,1
1129,anomalous,anomalous,0.057229295,1
1130,anomalous,anomalous,0.06492046,1
1131,anomalous,anomalous,0.057014078,1
1132,anomalous,anomalous,0.07108158,1
1133,anomalous,anomalous,0.0475029,1
1134,anomalous,anomalous,0.08217103,1
1135,anomalous,anomalous,0.050209127,1
1136,anomalous,anomalous,0.033270076,1
1137,anomalous,anomalous,0.038959928,1
1138,anomalous,anomalous,0.062035456,1
1139,anomalous,anomalous,0.05774993,1
1140,anomalous,anomalous,0.0685799,1
1141,anomalous,anomalous,0.04578247,1
1142,anomalous,anomalous,0.061498187,1
1143,anomalous,anomalous,0.0543377,1
1144,anomalous,anomalous,0.057280917,1
1145,anomalous,anomalous,0.07907449,1
1146,anomalous,anomalous,0.07061117,1
1147,anomalous,anomalous,0.05419932,1
1148,anomalous,anomalous,0.08430981,1
1149,anomalous,anomalous,0.044533864,1
1150,anomalous,anomalous,0.050067253,1
1151,anomalous,anomalous,0.06720313,1
1152,anomalous,anomalous,0.04611904,1
1153,anomalous,anomalous,0.045440584,1
1154,anomalous,anomalous,0.0638995,1
1155,anomalous,anomalous,0.07841429,1
1156,anomalous,anomalous,0.046001066,1
1157,anomalous,anomalous,0.06657912,1
1158,anomalous,anomalous,0.043839775,1
1159,anomalous,anomalous,0.07049826,1
1160,anomalous,anomalous,0.08295132,1
1161,anomalous,anomalous,0.078984454,1
1162,anomalous,anomalous,0.04542787,1
1163,anomalous,anomalous,0.03768201,1
1164,anomalous,anomalous,0.04231208,1
1165,anomalous,anomalous,0.07886559,1
1166,anomalous,anomalous,0.060896747,1
1167,anomalous,anomalous,0.059650682,1
1168,anomalous,anomalous,0.05051193,1
1169,anomalous,anomalous,0.073485844,1
1170,anomalous,anomalous,0.059889644,1
1171,anomalous,anomalous,0.04899998,1
1172,anomalous,anomalous,0.0742649,1
1173,anomalous,anomalous,0.07925242,1
1174,anomalous,anomalous,0.049619626,1
1175,anomalous,anomalous,0.040805534,1
1176,anomalous,anomalous,0.05400461,1
1177,anomalous,anomalous,0.077460736,1
1178,anomalous,anomalous,0.06044654,1
1179,anomalous,anomalous,0.046252757,1
1180,anomalous,anomalous,0.046627637,1
1181,anomalous,anomalous,0.07675453,1
1182,anomalous,anomalous,0.07074253,1
1183,anomalous,anomalous,0.051770598,1
1184,anomalous,anomalous,0.059061386,1
1185,anomalous,anomalous,0.060109284,1
1186,anomalous,anomalous,0.0636365,1
1187,anomalous,anomalous,0.054621603,1
1188,anomalous,anomalous,0.08279261,1
1189,anomalous,anomalous,0.05781292,1
1190,anomalous,anomalous,0.043062456,1
1191,anomalous,anomalous,0.07149535,1
1192,anomalous,anomalous,0.0393285,1
1193,anomalous,anomalous,0.06623695,1
1194,anomalous,anomalous,0.04824165,1
1195,anomalous,anomalous,0.07880678,1
1196,anomalous,anomalous,0.06613753,1
1197,anomalous,anomalous,0.0639652,1
1198,anomalous,anomalous,0.0597954,1
1199,anomalous,anomalous,0.050182577,1
1200,anomalous,anomalous,0.074792586,1
1201,anomalous,anomalous,0.054935597,1
1202,anomalous,anomalous,0.04867538,1
1203,anomalous,anomalous,0.051621914,1
1204,anomalous,anomalous,0.06850157,1
1205,anomalous,anomalous,0.06479104,1
1206,anomalous,anomalous,0.040024668,1
1207,anomalous,anomalous,0.04382954,1
1208,anomalous,anomalous,0.07748083,1
1209,anomalous,anomalous,0.07679802,1
1210,anomalous,anomalous,0.068204485,1
1211,anomalous,anomalous,0.067524,1
1212,anomalous,anomalous,0.054377407,1
1213,anomalous,anomalous,0.052671872,1
1214,anomalous,anomalous,0.046844505,1
1215,anomalous,anomalous,0.07771025,1
1216,anomalous,anomalous,0.060930036,1
1217,anomalous,anomalous,0.07314648,1
1218,anomalous,anomalous,0.055435255,1
1219,anomalous,anomalous,0.077517614,1
1220,anomalous,anomalous,0.0599067,1
1221,anomalous,anomalous,0.07635858,1
1222,anomalous,anomalous,0.07683267,1
1223,anomalous,anomalous,0.0706598,1
1224,anomalous,anomalous,0.059111603,1
1225,anomalous,anomalous,0.045190938,1
1226,anomalous,anomalous,0.077674486,1
1227,anomalous,anomalous,0.07583128,1
1228,anomalous,anomalous,0.049161598,1
1229,anomalous,anomalous,0.06392475,1
1230,anomalous,anomalous,0.087383814,1
1231,anomalous,anomalous,0.05564566,1
1232,anomalous,anomalous,0.0668605,1
1233,anomalous,anomalous,0.07667773,1
1234,anomalous,anomalous,0.08751966,1
1235,anomalous,anomalous,0.054694947,1
1236,anomalous,anomalous,0.07471706,1
1237,anomalous,anomalous,0.034859344,1
1238,anomalous,anomalous,0.050521035,1
1239,anomalous,anomalous,0.041185707,1
1240,anomalous,anomalous,0.01750597,1
1241,anomalous,anomalous,0.054899044,1
1242,anomalous,anomalous,0.035404973,1
1243,anomalous,anomalous,0.05769928,1
1244,anomalous,anomalous,0.047528714,1
1245,anomalous,anomalous,0.031932235,1
1246,anomalous,anomalous,0.046244107,1
1247,anomalous,anomalous,0.04936873,1
1248,anomalous,anomalous,0.054429602,1
1249,anomalous,anomalous,0.051805507,1
1250,anomalous,anomalous,0.05601323,1
1251,anomalous,anomalous,0.04939394,1
1252,anomalous,anomalous,0.024106823,1
1253,anomalous,anomalous,0.036981285,1
1254,anomalous,anomalous,0.022450902,1
1255,anomalous,anomalous,0.014653951,1
1256,anomalous,anomalous,0.032693997,1
1257,anomalous,anomalous,0.053855404,1
1258,anomalous,anomalous,0.053325642,1
1259,anomalous,anomalous,0.023653917,1
1260,anomalous,anomalous,0.054104634,1
1261,anomalous,anomalous,0.03422217,1
1262,anomalous,anomalous,0.021974556,1
1263,anomalous,anomalous,0.020063635,1
1264,anomalous,anomalous,0.039827503,1
1265,anomalous,anomalous,0.037223674,1
1266,anomalous,anomalous,0.028877743,1
1267,anomalous,anomalous,0.044853073,1
1268,anomalous,anomalous,0.015265606,1
1269,anomalous,anomalous,0.020932317,1
1270,anomalous,anomalous,0.036827363,1
1271,anomalous,anomalous,0.013339572,1
1272,good,anomalous,0.049844407,0
1273,good,anomalous,0.046395317,0
1274,good,anomalous,0.04329993,0
1275,good,anomalous,0.02563887,0
1276,good,anomalous,0.039564244,0
1277,good,anomalous,0.033830877,0
1278,good,anomalous,0.026571624,0
1279,good,anomalous,0.03570922,0
1280,good,anomalous,0.03531088,0
1281,good,anomalous,0.01090157,0
1282,good,anomalous,0.03768693,0
1283,good,anomalous,0.034493614,0
1284,good,anomalous,0.03266976,0
1285,good,anomalous,0.040009655,0
1286,good,anomalous,0.039117765,0
1287,good,anomalous,0.04098513,0
1288,good,anomalous,0.048518725,0
1289,good,anomalous,0.021665812,0
1290,good,anomalous,0.026577003,0
1291,good,anomalous,0.03401219,0
1292,good,anomalous,0.034963824,0
1293,good,anomalous,0.030002385,0
1294,good,anomalous,0.025650129,0
1295,good,anomalous,0.027445748,0
1296,good,anomalous,0.036127396,0
1297,good,anomalous,0.034567934,0
1298,good,anomalous,0.03329697,0
1299,good,anomalous,0.021429252,0
1300,good,anomalous,0.012694381,0
1301,good,anomalous,0.017162904,0
1302,good,anomalous,0.037407465,0
1303,good,anomalous,0.033265825,0
1304,good,anomalous,0.0394585,0
1305,anomalous,anomalous,0.024915494,1
1306,anomalous,anomalous,0.03069847,1
1307,anomalous,anomalous,0.03550152,1
1308,anomalous,anomalous,0.021852579,1
1309,anomalous,anomalous,0.0347343,1
1310,anomalous,anomalous,0.027903114,1
1311,anomalous,anomalous,0.028702378,1
1312,anomalous,anomalous,0.017374523,1
1313,anomalous,anomalous,0.016840756,1
1314,anomalous,anomalous,0.017921273,1
1315,anomalous,anomalous,0.033490397,1
1316,anomalous,anomalous,0.024664316,1
1317,anomalous,anomalous,0.039429374,1
1318,anomalous,anomalous,0.034911845,1
1319,anomalous,anomalous,0.031444862,1
1320,anomalous,anomalous,0.022410065,1
1321,anomalous,anomalous,0.053601682,1
1322,anomalous,anomalous,0.052456286,1
1323,anomalous,anomalous,0.048853476,1
1324,anomalous,anomalous,0.03826766,1
1325,anomalous,anomalous,0.047200203,1
1326,anomalous,anomalous,0.02924382,1
1327,anomalous,anomalous,0.06306477,1
1328,anomalous,anomalous,0.050249744,1
1329,anomalous,anomalous,0.046911303,1
1330,anomalous,anomalous,0.05983529,1
1331,anomalous,anomalous,0.047984593,1
1332,anomalous,anomalous,0.05547993,1
1333,anomalous,anomalous,0.055264566,1
1334,anomalous,anomalous,0.05356148,1
1335,anomalous,anomalous,0.03654464,1
1336,anomalous,anomalous,0.04551951,1
1337,anomalous,anomalous,0.05871235,1
1338,anomalous,anomalous,0.046875503,1
1339,anomalous,anomalous,0.039794028,1
1340,anomalous,anomalous,0.052112106,1
1341,anomalous,anomalous,0.0369412,1
1342,anomalous,anomalous,0.036635324,1
1343,anomalous,anomalous,0.015750341,1
1344,anomalous,anomalous,0.049735527,1
1345,anomalous,anomalous,0.0360263,1
1346,anomalous,anomalous,0.041192006,1
1347,anomalous,anomalous,0.027821958,1
1348,anomalous,anomalous,0.030765751,1
1349,anomalous,anomalous,0.036194857,1
1350,anomalous,anomalous,0.032126803,1
1351,anomalous,anomalous,0.032609977,1
1352,anomalous,anomalous,0.043875925,1
1353,anomalous,anomalous,0.03344523,1
1354,anomalous,anomalous,0.1161018,1
1355,anomalous,anomalous,0.10291671,1
1356,anomalous,anomalous,0.1066275,1
1357,anomalous,anomalous,0.11428262,1
1358,anomalous,anomalous,0.12649888,1
1359,anomalous,anomalous,0.114797376,1
1360,anomalous,anomalous,0.11646664,1
1361,anomalous,anomalous,0.12463697,1
1362,anomalous,anomalous,0.113537095,1
1363,anomalous,anomalous,0.12826778,1
1364,anomalous,anomalous,0.12512556,1
1365,anomalous,anomalous,0.12049784,1
1366,anomalous,anomalous,0.12136941,1
1367,anomalous,anomalous,0.12635143,1
1368,anomalous,anomalous,0.12503894,1
1369,anomalous,anomalous,0.11456912,1
1370,anomalous,anomalous,0.12779361,1
1371,anomalous,anomalous,0.1346861,1
1372,anomalous,anomalous,0.11329192,1
1373,anomalous,anomalous,0.12547165,1
1374,anomalous,anomalous,0.12679712,1
1375,anomalous,anomalous,0.11139518,1
1376,anomalous,anomalous,0.099975795,1
1377,anomalous,anomalous,0.115979224,1
1378,anomalous,anomalous,0.10668813,1
1379,anomalous,anomalous,0.10961856,1
1380,anomalous,anomalous,0.11691929,1
1381,anomalous,anomalous,0.1110473,1
1382,anomalous,anomalous,0.121315375,1
1383,anomalous,anomalous,0.10497366,1
1384,good,anomalous,0.12250571,0
1385,good,anomalous,0.11195578,0
1386,good,anomalous,0.11579517,0
1387,good,anomalous,0.12897502,0
1388,good,anomalous,0.11740129,0
1389,good,anomalous,0.122638,0
1390,good,anomalous,0.12495597,0
1391,good,anomalous,0.12227273,0
1392,good,anomalous,0.10620542,0
1393,good,anomalous,0.118580826,0
1394,good,anomalous,0.1222555,0
1395,good,anomalous,0.11484706,0
1396,anomalous,anomalous,0.04131688,1
1397,anomalous,anomalous,0.035415586,1
1398,anomalous,anomalous,0.038375832,1
1399,anomalous,anomalous,0.040714037,1
1400,anomalous,anomalous,0.045190424,1
1401,anomalous,anomalous,0.036393963,1
1402,anomalous,anomalous,0.032761015,1
1403,anomalous,anomalous,0.024916835,1
1404,anomalous,anomalous,0.02490455,1
1405,anomalous,anomalous,0.040565915,1
1406,anomalous,anomalous,0.035354502,1
1407,anomalous,anomalous,0.043390762,1
1408,anomalous,anomalous,0.042089533,1
1409,anomalous,anomalous,0.03306396,1
1410,anomalous,anomalous,0.030333161,1
1411,anomalous,anomalous,0.036499396,1
1412,anomalous,anomalous,0.031057734,1
1413,anomalous,anomalous,0.033474952,1
1414,anomalous,anomalous,0.034140654,1
1415,anomalous,anomalous,0.035903156,1
1416,anomalous,anomalous,0.039087944,1
1417,anomalous,anomalous,0.042997986,1
1418,anomalous,anomalous,0.035084825,1
1419,anomalous,anomalous,0.03764402,1
1420,anomalous,anomalous,0.037263766,1
1421,anomalous,anomalous,0.033881687,1
1422,anomalous,anomalous,0.038345713,1
1423,anomalous,anomalous,0.037440535,1
1424,anomalous,anomalous,0.04245115,1
1425,anomalous,anomalous,0.042281307,1
1426,good,anomalous,0.046274975,0
1427,good,anomalous,0.044731747,0
1428,good,anomalous,0.037953325,0
1429,good,anomalous,0.034066424,0
1430,good,anomalous,0.031624153,0
1431,good,anomalous,0.037573718,0
1432,good,anomalous,0.033895936,0
1433,good,anomalous,0.04245121,0
1434,good,anomalous,0.048086092,0
1435,good,anomalous,0.046827953,0
1436,good,anomalous,0.040573526,0
1437,good,anomalous,0.050901584,0
1438,good,anomalous,0.048765477,0
1439,good,anomalous,0.040808324,0
1440,good,anomalous,0.03426428,0
1441,good,anomalous,0.04435716,0
1442,good,anomalous,0.038984284,0
1443,good,anomalous,0.03726155,0
1444,good,anomalous,0.039393008,0
1445,good,anomalous,0.040050697,0
1446,good,anomalous,0.044190586,0
1447,good,anomalous,0.040180854,0
1448,good,anomalous,0.045479387,0
1449,good,anomalous,0.048883274,0
1450,good,anomalous,0.048403174,0
1451,good,anomalous,0.04025492,0
1452,good,anomalous,0.037260886,0
1453,good,anomalous,0.041378353,0
1454,good,anomalous,0.045235537,0
1455,good,anomalous,0.038969904,0
1456,good,anomalous,0.043200962,0
1457,good,anomalous,0.04768123,0
1458,good,anomalous,0.038630694,0
1459,good,anomalous,0.044802934,0
1460,good,anomalous,0.0362088,0
1461,good,anomalous,0.040240437,0
1462,good,anomalous,0.037053093,0
1463,good,anomalous,0.034914285,0
1464,good,anomalous,0.041391894,0
1465,good,anomalous,0.04299125,0
1466,good,anomalous,0.037566815,0
1467,good,anomalous,0.0386179,0
1468,good,anomalous,0.048526168,0
1469,good,anomalous,0.048694856,0
1470,good,anomalous,0.04520267,0
1471,good,anomalous,0.03543339,0
1472,good,anomalous,0.044631205,0
1473,good,anomalous,0.039801385,0
1474,good,anomalous,0.063623235,0
1475,good,anomalous,0.03734114,0
1476,good,anomalous,0.026784595,0
1477,good,anomalous,0.042923037,0
1478,good,anomalous,0.034644052,0
1479,good,anomalous,0.024978355,0
1480,good,anomalous,0.04755776,0
1481,good,anomalous,0.040989675,0
1482,good,anomalous,0.039510444,0
1483,good,anomalous,0.039859883,0
1484,good,anomalous,0.047128882,0
1485,good,anomalous,0.036026593,0
1486,anomalous,anomalous,0.048093244,1
1487,anomalous,anomalous,0.03774367,1
1488,anomalous,anomalous,0.0283136,1
1489,anomalous,anomalous,0.0151126385,1
1490,anomalous,anomalous,0.024892308,1
1491,anomalous,anomalous,0.026559219,1
1492,anomalous,anomalous,0.04000201,1
1493,anomalous,anomalous,0.011216033,1
1494,anomalous,anomalous,0.03810922,1
1495,anomalous,anomalous,0.030151919,1
1496,anomalous,anomalous,-0.019791601,1
1497,anomalous,anomalous,-0.007970758,1
1498,anomalous,anomalous,-8.1665814e-05,1
1499,anomalous,anomalous,0.0014388608,1
1500,anomalous,anomalous,-8.336082e-05,1
1501,anomalous,anomalous,-0.0031600539,1
1502,anomalous,anomalous,0.029768046,1
1503,anomalous,anomalous,0.0066689216,1
1504,anomalous,anomalous,7.623853e-05,1
1505,anomalous,anomalous,-0.012049768,1
1506,anomalous,anomalous,0.0054941224,1
1507,anomalous,anomalous,0.00054273196,1
1508,anomalous,anomalous,0.023602191,1
1509,anomalous,anomalous,0.0014838418,1
1510,anomalous,anomalous,-0.008708665,1
1511,anomalous,anomalous,0.005494751,1
1512,anomalous,anomalous,0.00072785746,1
1513,anomalous,anomalous,-0.004612135,1
1514,anomalous,anomalous,-0.0030126106,1
1515,good,anomalous,-0.023832692,0
1516,good,anomalous,-0.02713627,0
1517,good,anomalous,-0.021439461,0
1518,good,anomalous,-0.027964495,0
1519,good,anomalous,-0.019775923,0
1520,good,anomalous,-0.021441821,0
1521,good,anomalous,-0.01916986,0
1522,good,anomalous,0.021902423,0
1523,good,anomalous,-0.028507764,0
1524,good,anomalous,-0.036042597,0
1525,good,anomalous,-0.029702717,0
1526,good,anomalous,-0.029045872,0
1527,good,anomalous,-0.01490015,0
1528,good,anomalous,-0.026616301,0
1529,good,anomalous,-0.014414582,0
1530,good,anomalous,-0.0077663064,0
1531,good,anomalous,-0.014692852,0
1532,good,anomalous,0.0060614385,0
1533,good,anomalous,-0.0025898963,0
1534,anomalous,anomalous,-0.001079103,1
1535,anomalous,anomalous,-0.02439384,1
1536,anomalous,anomalous,0.002243301,1
1537,anomalous,anomalous,-0.0049389843,1
1538,anomalous,anomalous,0.020104108,1
1539,anomalous,anomalous,-0.003357282,1
1540,anomalous,anomalous,-0.011825079,1
1541,anomalous,anomalous,-0.0053659733,1
1542,anomalous,anomalous,-0.011148041,1
1543,anomalous,anomalous,-0.002201805,1
1544,anomalous,anomalous,0.020060139,1
1545,anomalous,anomalous,0.011340488,1
1546,anomalous,anomalous,0.007848274,1
1547,anomalous,anomalous,0.023919063,1
1548,anomalous,anomalous,0.006279161,1
1549,anomalous,anomalous,0.00546265,1
1550,anomalous,anomalous,-0.009330124,1
1551,anomalous,anomalous,-0.009284085,1
1552,anomalous,anomalous,0.007106643,1
1553,anomalous,anomalous,0.009136671,1
1554,anomalous,anomalous,-0.011005029,1
1555,anomalous,anomalous,-0.0083653135,1
1556,anomalous,anomalous,0.00136647,1
1557,anomalous,anomalous,-4.217215e-05,1
1558,anomalous,anomalous,-0.00925432,1
1559,anomalous,anomalous,0.0151113905,1
1560,anomalous,anomalous,2.5317073e-05,1
1561,anomalous,anomalous,-0.017344577,1
1562,anomalous,anomalous,-0.02654896,1
1563,anomalous,anomalous,0.0067757573,1
1564,anomalous,anomalous,0.016893625,1
1565,anomalous,anomalous,-0.01152418,1
1566,anomalous,anomalous,0.0011191741,1
1567,anomalous,anomalous,-0.00858837,1
1568,anomalous,anomalous,0.008060325,1
1569,anomalous,anomalous,0.0041219685,1
1570,anomalous,anomalous,-0.017744146,1
1571,anomalous,anomalous,0.00048929267,1
1572,anomalous,anomalous,-0.014949964,1
1573,anomalous,anomalous,0.008883614,1
1574,anomalous,anomalous,-0.013138065,1
1575,anomalous,anomalous,0.04948293,1
1576,anomalous,anomalous,0.058769453,1
1577,anomalous,anomalous,0.056583647,1
1578,anomalous,anomalous,0.055446357,1
1579,anomalous,anomalous,0.0532211,1
1580,anomalous,anomalous,0.04255132,1
1581,anomalous,anomalous,0.052486088,1
1582,anomalous,anomalous,0.054499783,1
1583,anomalous,anomalous,0.04498901,1
1584,anomalous,anomalous,0.041751493,1
1585,anomalous,anomalous,0.05337239,1
1586,anomalous,anomalous,0.04106824,1
1587,anomalous,anomalous,0.054943375,1
1588,anomalous,anomalous,0.03602249,1
1589,anomalous,anomalous,0.0392692,1
1590,anomalous,anomalous,0.058859497,1
1591,anomalous,anomalous,0.047548957,1
1592,anomalous,anomalous,0.050348286,1
1593,anomalous,anomalous,0.035671055,1
1594,anomalous,anomalous,0.06426347,1
1595,anomalous,anomalous,0.07081281,1
1596,anomalous,anomalous,0.050493244,1
1597,anomalous,anomalous,0.037124284,1
1598,anomalous,anomalous,0.04908926,1
1599,anomalous,anomalous,0.044903684,1
1600,anomalous,anomalous,0.028010799,1
1601,anomalous,anomalous,0.052387614,1
1602,anomalous,anomalous,0.049737774,1
1603,anomalous,anomalous,0.04395637,1
1604,anomalous,anomalous,0.046342228,1
1605,anomalous,anomalous,0.035075836,1
1606,anomalous,anomalous,0.055021137,1
1607,anomalous,anomalous,0.05919777,1
1608,anomalous,anomalous,0.05596487,1
1609,anomalous,anomalous,0.0632829,1
1610,anomalous,anomalous,0.05054006,1
1611,anomalous,anomalous,0.048361592,1
1612,anomalous,anomalous,0.059130337,1
1613,anomalous,anomalous,0.041348062,1
1614,anomalous,anomalous,0.07389868,1
1615,anomalous,anomalous,0.04986018,1
1616,anomalous,anomalous,0.04704711,1
1617,anomalous,anomalous,0.047598906,1
1618,anomalous,anomalous,0.041193932,1
1619,anomalous,anomalous,0.056804135,1
1620,anomalous,anomalous,0.061434433,1
1621,anomalous,anomalous,0.046051417,1
1622,anomalous,anomalous,0.056499355,1
1623,anomalous,anomalous,0.04684909,1
1624,anomalous,anomalous,0.047446195,1
1625,anomalous,anomalous,0.054957245,1
1626,anomalous,anomalous,0.051341437,1
1627,anomalous,anomalous,0.054206662,1
1628,anomalous,anomalous,0.039289817,1
1629,anomalous,anomalous,0.044833787,1
1630,anomalous,anomalous,0.0562383,1
1631,anomalous,anomalous,0.046315912,1
1632,anomalous,anomalous,0.046023834,1
1633,anomalous,anomalous,0.04499244,1
1634,anomalous,anomalous,0.05102365,1
1635,anomalous,anomalous,0.037948616,1
1636,anomalous,anomalous,0.052293427,1
1637,anomalous,anomalous,0.050623506,1
1638,anomalous,anomalous,0.049562305,1
1639,anomalous,anomalous,0.047413845,1
1640,anomalous,anomalous,0.047130726,1
1641,anomalous,anomalous,0.06733376,1
1642,anomalous,anomalous,0.032880224,1
1643,good,anomalous,0.05907207,0
1644,good,anomalous,0.045154456,0
1645,good,anomalous,0.035169315,0
1646,good,anomalous,0.05635176,0
1647,good,anomalous,0.048938017,0
1648,good,anomalous,0.051706593,0
1649,good,anomalous,0.050286382,0
1650,good,anomalous,0.06640054,0
1651,good,anomalous,0.048649553,0
1652,good,anomalous,0.046751775,0
1653,good,anomalous,0.04133348,0
1654,good,anomalous,0.046214778,0
1655,good,anomalous,0.054849025,0
1656,good,anomalous,0.050180472,0
1657,good,anomalous,0.04975512,0
1658,good,anomalous,0.055411518,0
1659,good,anomalous,0.054159686,0
1660,good,anomalous,0.036341146,0
1661,good,anomalous,0.03639392,0
1662,good,anomalous,0.039479364,0
1663,good,anomalous,0.047959104,0
1664,good,anomalous,0.051541153,0
1665,good,anomalous,0.05679881,0
1666,good,anomalous,0.056244887,0
1667,good,anomalous,0.051086355,0
1668,good,anomalous,0.05204158,0
1669,good,anomalous,0.05544603,0
1670,good,anomalous,0.066600665,0
1671,good,anomalous,0.04427871,0
1672,good,anomalous,0.06339562,0
1673,good,anomalous,0.041321576,0
1674,good,anomalous,0.05091346,0
1675,anomalous,anomalous,0.05434979,1
1676,anomalous,anomalous,0.048445374,1
1677,anomalous,anomalous,0.04146466,1
1678,anomalous,anomalous,0.04309804,1
1679,anomalous,anomalous,0.053621575,1
1680,anomalous,anomalous,0.033033304,1
1681,anomalous,anomalous,0.029632779,1
1682,anomalous,anomalous,0.03636289,1
1683,anomalous,anomalous,0.049012765,1
1684,anomalous,anomalous,0.03973733,1
1685,anomalous,anomalous,0.048370123,1
1686,anomalous,anomalous,0.050596103,1
1687,anomalous,anomalous,0.030410161,1
1688,anomalous,anomalous,0.053371906,1
1689,anomalous,anomalous,0.0452774,1
1690,anomalous,anomalous,0.04658168,1
1691,anomalous,anomalous,0.060439635,1
1692,anomalous,anomalous,0.052648958,1
1693,anomalous,anomalous,0.058734536,1
1694,anomalous,anomalous,0.049455658,1
1695,anomalous,anomalous,0.043621317,1
1696,anomalous,anomalous,0.06215944,1
1697,anomalous,anomalous,0.053299196,1
1698,anomalous,anomalous,0.062187437,1
1699,anomalous,anomalous,0.060968213,1
1700,anomalous,anomalous,0.056360487,1
1701,anomalous,anomalous,0.051559895,1
1702,anomalous,anomalous,0.06104733,1
1703,anomalous,anomalous,0.048892617,1
1704,anomalous,anomalous,0.055919513,1
1705,anomalous,anomalous,0.054819606,1
1706,anomalous,anomalous,0.05477961,1
1707,anomalous,anomalous,0.06893832,1
1708,anomalous,anomalous,0.053756684,1
1709,anomalous,anomalous,0.050189335,1
1710,anomalous,anomalous,0.052606225,1
1711,anomalous,anomalous,0.057084948,1
1712,anomalous,anomalous,0.051855635,1
1713,anomalous,anomalous,0.052887212,1
1714,anomalous,anomalous,0.055393577,1
1715,anomalous,anomalous,0.043887943,1
1716,anomalous,anomalous,0.04640516,1
1717,anomalous,anomalous,0.054478697,1
1718,anomalous,anomalous,0.046848662,1
1719,anomalous,anomalous,0.052866187,1
1720,anomalous,anomalous,0.06295911,1
1721,anomalous,anomalous,0.052848794,1
1722,anomalous,anomalous,0.053759523,1
1723,anomalous,anomalous,0.04175377,1
1724,anomalous,anomalous,0.05216659,1
1725,anomalous,anomalous,0.0440328,1
TOTAL,,,,72.93% (1258/1725)
